n,method,coverage,radius,winkler_score,neff,is_valid,is_best
32,Unweighted,0.717,0.0026,0.0201,32.0,False,False
32,Nominal n,0.647,0.0047,0.0394,32.0,False,False
32,Input neff,0.893,0.0123,0.0325,4.6,False,False
32,GP neff (Ours),0.850,0.0098,0.0313,7.3,False,False
48,Unweighted,0.727,0.0022,0.0143,48.0,False,False
48,Nominal n,0.773,0.0048,0.0275,48.0,False,False
48,Input neff,0.910,0.0128,0.0290,6.7,False,False
48,GP neff (Ours),0.943,0.0101,0.0260,10.7,True,True
64,Unweighted,0.773,0.0020,0.0124,64.0,False,False
64,Nominal n,0.773,0.0046,0.0218,64.0,False,False
64,Input neff,0.980,0.0124,0.0258,8.8,True,False
64,GP neff (Ours),0.947,0.0098,0.0217,14.1,True,True
96,Unweighted,0.770,0.0016,0.0101,96.0,False,False
96,Nominal n,0.803,0.0043,0.0188,96.0,False,False
96,Input neff,0.973,0.0117,0.0251,13.1,True,False
96,GP neff (Ours),0.957,0.0092,0.0213,21.0,True,True
128,Unweighted,0.750,0.0014,0.0083,128.0,False,False
128,Nominal n,0.823,0.0038,0.0155,128.0,False,False
128,Input neff,0.983,0.0104,0.0220,17.3,True,False
128,GP neff (Ours),0.970,0.0082,0.0181,27.9,True,True
192,Unweighted,0.750,0.0011,0.0071,192.0,False,False
192,Nominal n,0.887,0.0033,0.0109,192.0,False,False
192,Input neff,0.987,0.0091,0.0187,25.9,True,False
192,GP neff (Ours),0.980,0.0072,0.0152,41.7,True,True
256,Unweighted,0.743,0.0010,0.0062,256.0,False,False
256,Nominal n,0.913,0.0031,0.0076,256.0,False,False
256,Input neff,1.000,0.0085,0.0170,34.4,True,False
256,GP neff (Ours),0.997,0.0067,0.0134,55.4,True,True
