param_val,method,coverage,radius,winkler_score,neff,is_valid,is_best
1.5,Unweighted,0.843,0.0016,0.0061,96.0,False,False
1.5,Nominal n,0.840,0.0041,0.0161,96.0,False,False
1.5,Input neff,0.953,0.0078,0.0176,25.8,True,True
1.5,GP neff (Ours),0.923,0.0062,0.0159,41.4,False,False
2.0,Unweighted,0.843,0.0016,0.0068,96.0,False,False
2.0,Nominal n,0.870,0.0043,0.0143,96.0,False,False
2.0,Input neff,0.987,0.0096,0.0204,19.5,True,False
2.0,GP neff (Ours),0.957,0.0076,0.0170,31.3,True,True
2.0,Strict Thm 1,1.000,4.1488,8.2975,31.3,True,False
3.0,Unweighted,0.767,0.0016,0.0091,96.0,False,False
3.0,Nominal n,0.803,0.0040,0.0184,96.0,False,False
3.0,Input neff,0.977,0.0110,0.0226,13.1,True,False
3.0,GP neff (Ours),0.947,0.0086,0.0191,21.0,True,True
4.0,Unweighted,0.700,0.0016,0.0154,96.0,False,False
4.0,Nominal n,0.767,0.0039,0.0216,96.0,False,False
4.0,Input neff,0.980,0.0120,0.0246,9.9,True,False
4.0,GP neff (Ours),0.950,0.0095,0.0210,15.9,True,True
5.0,Unweighted,0.680,0.0016,0.0164,96.0,False,False
5.0,Nominal n,0.773,0.0039,0.0244,96.0,False,False
5.0,Input neff,0.980,0.0134,0.0282,8.0,True,False
5.0,GP neff (Ours),0.953,0.0106,0.0236,12.8,True,True
6.0,Unweighted,0.620,0.0016,0.0183,96.0,False,False
6.0,Nominal n,0.793,0.0042,0.0199,96.0,False,False
6.0,Input neff,0.997,0.0161,0.0322,6.7,True,False
6.0,GP neff (Ours),0.987,0.0127,0.0259,10.7,True,True
