dataset,n_source,clip_b,estimand,method,coverage,radius,WS,MAE
EPA Ozone,96.0,10.0,Target Mean (Y),Block-Bootstrap,0.688,0.0370806474177385,0.35066666252656614,0.028289528385596868
EPA Ozone,96.0,10.0,Target Mean (Y),GP neff [Ours],0.788,0.0596492749058557,0.2895663754212389,0.028289528385596868
EPA Ozone,96.0,10.0,Target Mean (Y),Input neff,0.88,0.08457913737213033,0.22658990643658047,0.028289528385596868
EPA Ozone,96.0,10.0,Target Mean (Y),Nominal n,0.572,0.0271797159544624,0.431210682987584,0.028289528385596868
EPA Ozone,96.0,10.0,Target Mean (Y),Unweighted,0.18,0.00898248299253261,0.7833287317231209,0.02725360597290801
EPA Ozone,96.0,10.0,Target Risk (L),Block-Bootstrap,0.672,0.0015262011503200542,0.013476751762059523,0.0011627939233735194
EPA Ozone,96.0,10.0,Target Risk (L),GP neff [Ours],0.772,0.0022303097992586152,0.013706169378820013,0.0011627939233735194
EPA Ozone,96.0,10.0,Target Risk (L),Input neff,0.896,0.0038614907274128526,0.012167985972857813,0.0011627939233735194
EPA Ozone,96.0,10.0,Target Risk (L),Nominal n,0.664,0.0013010996805303977,0.016578826862874294,0.0011627939233735194
EPA Ozone,96.0,10.0,Target Risk (L),Unweighted,0.412,0.0004909054579631313,0.02363418684086848,0.0009588356693359079
EPA Ozone,96.0,15.0,Target Mean (Y),Block-Bootstrap,0.692,0.037836749408048494,0.3495026293773122,0.0271998512057863
EPA Ozone,96.0,15.0,Target Mean (Y),GP neff [Ours],0.8,0.0629815289390081,0.29634982190936987,0.0271998512057863
EPA Ozone,96.0,15.0,Target Mean (Y),Input neff,0.936,0.08967415806334217,0.24017823774896951,0.0271998512057863
EPA Ozone,96.0,15.0,Target Mean (Y),Nominal n,0.62,0.02957306667782869,0.3990557200559446,0.0271998512057863
EPA Ozone,96.0,15.0,Target Mean (Y),Unweighted,0.268,0.00883742122688408,0.7978298114308,0.027326594653120647
EPA Ozone,96.0,15.0,Target Risk (L),Block-Bootstrap,0.704,0.0016544251768540854,0.010905264432823672,0.0011124542681639734
EPA Ozone,96.0,15.0,Target Risk (L),GP neff [Ours],0.772,0.0024698222925589285,0.010973224794260498,0.0011124542681639734
EPA Ozone,96.0,15.0,Target Risk (L),Input neff,0.884,0.0041249874855465015,0.010498378149317613,0.0011124542681639734
EPA Ozone,96.0,15.0,Target Risk (L),Nominal n,0.648,0.0014115987269554121,0.013259600633382777,0.0011124542681639734
EPA Ozone,96.0,15.0,Target Risk (L),Unweighted,0.404,0.0004904046210683213,0.021622903534333385,0.0009193835619644189
EPA Ozone,96.0,20.0,Target Mean (Y),Block-Bootstrap,0.66,0.04098142010075156,0.3961689385351698,0.029706818653733657
EPA Ozone,96.0,20.0,Target Mean (Y),GP neff [Ours],0.832,0.07343639427345285,0.28878175488380536,0.029706818653733657
EPA Ozone,96.0,20.0,Target Mean (Y),Input neff,0.928,0.10255028750207452,0.2570930786332895,0.029706818653733657
EPA Ozone,96.0,20.0,Target Mean (Y),Nominal n,0.62,0.033746708815128826,0.42225770402168494,0.029706818653733657
EPA Ozone,96.0,20.0,Target Mean (Y),Unweighted,0.22,0.009002232696731472,0.9000934411735606,0.03004724992579395
EPA Ozone,96.0,20.0,Target Risk (L),Block-Bootstrap,0.764,0.0021128871150522155,0.010673021425055317,0.0014751365730739708
EPA Ozone,96.0,20.0,Target Risk (L),GP neff [Ours],0.82,0.003342605069967171,0.010764738333860734,0.0014751365730739708
EPA Ozone,96.0,20.0,Target Risk (L),Input neff,0.916,0.00570815271201164,0.01281967166148642,0.0014751365730739708
EPA Ozone,96.0,20.0,Target Risk (L),Nominal n,0.7,0.0019009373195901424,0.013609758084908018,0.0014751365730739708
EPA Ozone,96.0,20.0,Target Risk (L),Unweighted,0.412,0.0005560285689563814,0.025731323954583916,0.0010742541883235453
EPA Ozone,128.0,10.0,Target Mean (Y),Block-Bootstrap,0.68,0.03397892640232715,0.3029559721682843,0.023542963877023967
EPA Ozone,128.0,10.0,Target Mean (Y),GP neff [Ours],0.884,0.0628335057410163,0.22442164401656725,0.023542963877023967
EPA Ozone,128.0,10.0,Target Mean (Y),Input neff,0.944,0.08656429640245242,0.20723596133288844,0.023542963877023967
EPA Ozone,128.0,10.0,Target Mean (Y),Nominal n,0.596,0.024679114049417035,0.36206456717112856,0.023542963877023967
EPA Ozone,128.0,10.0,Target Mean (Y),Unweighted,0.196,0.008071838548500949,0.8374353361521775,0.02760319212691243
EPA Ozone,128.0,10.0,Target Risk (L),Block-Bootstrap,0.784,0.0017428793448587103,0.0069049781348765465,0.0011526732543116571
EPA Ozone,128.0,10.0,Target Risk (L),GP neff [Ours],0.868,0.0024936343543979812,0.006842408632608168,0.0011526732543116571
EPA Ozone,128.0,10.0,Target Risk (L),Input neff,0.984,0.004428937063596355,0.009037172597710297,0.0011526732543116571
EPA Ozone,128.0,10.0,Target Risk (L),Nominal n,0.708,0.0013538739797064826,0.013989455805099842,0.0011526732543116571
EPA Ozone,128.0,10.0,Target Risk (L),Unweighted,0.4,0.000498955291234056,0.02674469001091104,0.0010668828928503675
EPA Ozone,128.0,15.0,Target Mean (Y),Block-Bootstrap,0.72,0.039332714145901525,0.28902357309959326,0.027167153109374047
EPA Ozone,128.0,15.0,Target Mean (Y),GP neff [Ours],0.868,0.07325552539335332,0.2514543736851995,0.027167153109374047
EPA Ozone,128.0,15.0,Target Mean (Y),Input neff,0.956,0.10550388922358107,0.2412049682224682,0.027167153109374047
EPA Ozone,128.0,15.0,Target Mean (Y),Nominal n,0.572,0.02935988933879088,0.3675225807796695,0.027167153109374047
EPA Ozone,128.0,15.0,Target Mean (Y),Unweighted,0.22,0.007977008445505699,0.7966571325548967,0.02668203971201322
EPA Ozone,128.0,15.0,Target Risk (L),Block-Bootstrap,0.784,0.0017929796738624989,0.009827782655008492,0.001198678591484075
EPA Ozone,128.0,15.0,Target Risk (L),GP neff [Ours],0.864,0.0029031911917938645,0.008519889560918273,0.001198678591484075
EPA Ozone,128.0,15.0,Target Risk (L),Input neff,0.972,0.005186063386988205,0.010946371395671626,0.001198678591484075
EPA Ozone,128.0,15.0,Target Risk (L),Nominal n,0.712,0.0015111362554464211,0.012892791896832094,0.001198678591484075
EPA Ozone,128.0,15.0,Target Risk (L),Unweighted,0.4,0.000463863690352654,0.023251958244027753,0.0009522926785588931
EPA Ozone,128.0,20.0,Target Mean (Y),Block-Bootstrap,0.688,0.04006845386789878,0.29370436013810125,0.028242061855740838
EPA Ozone,128.0,20.0,Target Mean (Y),GP neff [Ours],0.876,0.07872145631313889,0.24474550599213923,0.028242061855740838
EPA Ozone,128.0,20.0,Target Mean (Y),Input neff,0.96,0.11086838420287808,0.24075990140630874,0.028242061855740838
EPA Ozone,128.0,20.0,Target Mean (Y),Nominal n,0.608,0.03198789155790974,0.36101612395667826,0.028242061855740838
EPA Ozone,128.0,20.0,Target Mean (Y),Unweighted,0.208,0.007928108341994825,0.8406460169538358,0.027704825700234706
EPA Ozone,128.0,20.0,Target Risk (L),Block-Bootstrap,0.72,0.002057127239809454,0.013193735140222027,0.001525136469651088
EPA Ozone,128.0,20.0,Target Risk (L),GP neff [Ours],0.788,0.003678926774748367,0.012277271453083145,0.001525136469651088
EPA Ozone,128.0,20.0,Target Risk (L),Input neff,0.932,0.006090498972122751,0.013028367378594507,0.001525136469651088
EPA Ozone,128.0,20.0,Target Risk (L),Nominal n,0.644,0.001773697984408868,0.01889817977305258,0.001525136469651088
EPA Ozone,128.0,20.0,Target Risk (L),Unweighted,0.388,0.0004926616052620007,0.02951298549491298,0.0011362276598789864
EPA Ozone,192.0,10.0,Target Mean (Y),Block-Bootstrap,0.66,0.0265637464260212,0.3022740374222162,0.021710392560058595
EPA Ozone,192.0,10.0,Target Mean (Y),GP neff [Ours],0.904,0.06052025898757863,0.1910732344100691,0.021710392560058595
EPA Ozone,192.0,10.0,Target Mean (Y),Input neff,0.976,0.08694879851882961,0.19046196373127916,0.021710392560058595
EPA Ozone,192.0,10.0,Target Mean (Y),Nominal n,0.572,0.02125113470338461,0.3516213616348858,0.021710392560058595
EPA Ozone,192.0,10.0,Target Mean (Y),Unweighted,0.208,0.006860830654755026,0.7915457633388827,0.02549524612779616
EPA Ozone,192.0,10.0,Target Risk (L),Block-Bootstrap,0.672,0.0011584684929551413,0.011572909914800759,0.0009186171618978107
EPA Ozone,192.0,10.0,Target Risk (L),GP neff [Ours],0.808,0.002020758320954912,0.008177644412818834,0.0009186171618978107
EPA Ozone,192.0,10.0,Target Risk (L),Input neff,0.952,0.00411759181396783,0.008696021364337067,0.0009186171618978107
EPA Ozone,192.0,10.0,Target Risk (L),Nominal n,0.64,0.0010313646183037859,0.013729886849446931,0.0009186171618978107
EPA Ozone,192.0,10.0,Target Risk (L),Unweighted,0.404,0.0003796952816605948,0.02400228575415437,0.0008945440438296557
EPA Ozone,192.0,15.0,Target Mean (Y),Block-Bootstrap,0.696,0.032428679695422444,0.2622374246894332,0.024013465162312272
EPA Ozone,192.0,15.0,Target Mean (Y),GP neff [Ours],0.948,0.08036164753981809,0.19420537955921277,0.024013465162312272
EPA Ozone,192.0,15.0,Target Mean (Y),Input neff,0.996,0.1090442825684896,0.21869623268816876,0.024013465162312272
EPA Ozone,192.0,15.0,Target Mean (Y),Nominal n,0.62,0.02685376439564879,0.3260200559223403,0.024013465162312272
EPA Ozone,192.0,15.0,Target Mean (Y),Unweighted,0.204,0.007095036893402724,0.8573633722022559,0.027533702617785108
EPA Ozone,192.0,15.0,Target Risk (L),Block-Bootstrap,0.728,0.001648257605161079,0.008843951704380088,0.0012123248478015322
EPA Ozone,192.0,15.0,Target Risk (L),GP neff [Ours],0.872,0.00310642383751715,0.008702507156542258,0.0012123248478015322
EPA Ozone,192.0,15.0,Target Risk (L),Input neff,0.972,0.00567369551897107,0.011727958580661292,0.0012123248478015322
EPA Ozone,192.0,15.0,Target Risk (L),Nominal n,0.7,0.0014533488592947856,0.014467894767830598,0.0012123248478015322
EPA Ozone,192.0,15.0,Target Risk (L),Unweighted,0.46,0.00042654333498863274,0.026092814644127098,0.000984491686554336
EPA Ozone,192.0,20.0,Target Mean (Y),Block-Bootstrap,0.676,0.03193211796100017,0.274755082697513,0.02359475143407104
EPA Ozone,192.0,20.0,Target Mean (Y),GP neff [Ours],0.96,0.08019008237636255,0.19178040587355594,0.02359475143407104
EPA Ozone,192.0,20.0,Target Mean (Y),Input neff,0.996,0.11137545523160243,0.22648868756741428,0.02359475143407104
EPA Ozone,192.0,20.0,Target Mean (Y),Nominal n,0.652,0.027826639884570993,0.30493360804026237,0.02359475143407104
EPA Ozone,192.0,20.0,Target Mean (Y),Unweighted,0.204,0.006816187024546434,0.8478196146467512,0.026861753723791737
EPA Ozone,192.0,20.0,Target Risk (L),Block-Bootstrap,0.716,0.0016309529492620088,0.012028962476200961,0.0012341087522995291
EPA Ozone,192.0,20.0,Target Risk (L),GP neff [Ours],0.852,0.00304258417607671,0.008722116960044896,0.0012341087522995291
EPA Ozone,192.0,20.0,Target Risk (L),Input neff,0.972,0.005618270020670913,0.011417017365463305,0.0012341087522995291
EPA Ozone,192.0,20.0,Target Risk (L),Nominal n,0.668,0.0015064656446843203,0.013335900511860684,0.0012341087522995291
EPA Ozone,192.0,20.0,Target Risk (L),Unweighted,0.424,0.0004417130445471306,0.03488179504460328,0.0012188866306639878
EPA Ozone,256.0,10.0,Target Mean (Y),Block-Bootstrap,0.544,0.024715242455477755,0.3915521864642601,0.02384856430181279
EPA Ozone,256.0,10.0,Target Mean (Y),GP neff [Ours],0.88,0.05552988313190406,0.25403215018160036,0.02384856430181279
EPA Ozone,256.0,10.0,Target Mean (Y),Input neff,0.964,0.08051804006831904,0.22066715213064614,0.02384856430181279
EPA Ozone,256.0,10.0,Target Mean (Y),Nominal n,0.484,0.019642606727415222,0.42361295782690966,0.02384856430181279
EPA Ozone,256.0,10.0,Target Mean (Y),Unweighted,0.184,0.006011626760308828,0.9072738560227191,0.02791844032067104
EPA Ozone,256.0,10.0,Target Risk (L),Block-Bootstrap,0.716,0.0014417111235861856,0.016526801074462145,0.0012371394621301544
EPA Ozone,256.0,10.0,Target Risk (L),GP neff [Ours],0.86,0.002368808658784523,0.009687884015126018,0.0012371394621301544
EPA Ozone,256.0,10.0,Target Risk (L),Input neff,0.976,0.004671917080241227,0.009698406782673193,0.0012371394621301544
EPA Ozone,256.0,10.0,Target Risk (L),Nominal n,0.716,0.001216401623342626,0.01853578607618853,0.0012371394621301544
EPA Ozone,256.0,10.0,Target Risk (L),Unweighted,0.344,0.00040348346637544217,0.040342440930147924,0.0013433039342221262
EPA Ozone,256.0,15.0,Target Mean (Y),Block-Bootstrap,0.64,0.028511254469560765,0.3035174424810216,0.02313999490602758
EPA Ozone,256.0,15.0,Target Mean (Y),GP neff [Ours],0.968,0.07574379885138484,0.19135274889843368,0.02313999490602758
EPA Ozone,256.0,15.0,Target Mean (Y),Input neff,0.98,0.10258322755372294,0.22989446004225422,0.02313999490602758
EPA Ozone,256.0,15.0,Target Mean (Y),Nominal n,0.58,0.024272383728378172,0.30923881380033374,0.02313999490602758
EPA Ozone,256.0,15.0,Target Mean (Y),Unweighted,0.144,0.006144923484098461,0.8761443197345086,0.02727872912956362
EPA Ozone,256.0,15.0,Target Risk (L),Block-Bootstrap,0.748,0.0015173365981084373,0.010888746103549268,0.001138300892193501
EPA Ozone,256.0,15.0,Target Risk (L),GP neff [Ours],0.864,0.0028771572586100596,0.008498893374930146,0.001138300892193501
EPA Ozone,256.0,15.0,Target Risk (L),Input neff,0.992,0.005391340723747202,0.01091248082082522,0.001138300892193501
EPA Ozone,256.0,15.0,Target Risk (L),Nominal n,0.696,0.0013347819006515344,0.01333756945979373,0.001138300892193501
EPA Ozone,256.0,15.0,Target Risk (L),Unweighted,0.38,0.0003674938113013996,0.029943229484234005,0.001046933168166011
EPA Ozone,256.0,20.0,Target Mean (Y),Block-Bootstrap,0.644,0.031038604746813515,0.3093551609750716,0.02315346464861813
EPA Ozone,256.0,20.0,Target Mean (Y),GP neff [Ours],0.956,0.08400661372706252,0.22225214069177504,0.02315346464861813
EPA Ozone,256.0,20.0,Target Mean (Y),Input neff,0.992,0.11316014229979748,0.2372290443506023,0.02315346464861813
EPA Ozone,256.0,20.0,Target Mean (Y),Nominal n,0.624,0.02707854308709938,0.2949586391686359,0.02315346464861813
EPA Ozone,256.0,20.0,Target Mean (Y),Unweighted,0.168,0.005934725049660831,0.833070689029882,0.025956262693019854
EPA Ozone,256.0,20.0,Target Risk (L),Block-Bootstrap,0.772,0.001635876997736748,0.009552558435752584,0.0011384556292565377
EPA Ozone,256.0,20.0,Target Risk (L),GP neff [Ours],0.884,0.0030561798856778917,0.00811092807552579,0.0011384556292565377
EPA Ozone,256.0,20.0,Target Risk (L),Input neff,0.976,0.005633584676294972,0.011428463868693475,0.0011384556292565377
EPA Ozone,256.0,20.0,Target Risk (L),Nominal n,0.744,0.0014192785919415892,0.012128956677907867,0.0011384556292565377
EPA Ozone,256.0,20.0,Target Risk (L),Unweighted,0.428,0.00036075457147829174,0.028898005975473234,0.001011410036905393
