relative_path,bytes,sha256
data/noaa/ghcn2025_benchmark.csv,1613344,08366a526123ac391e7b07b660ef5685c851cb018eff4a6df9fe258872ff38a5
data/pm25/beijing_pm25_daily_prepared.csv,4186893,b61cbcaa3abdaa01f76266cf23b80083ae0159a6035539d10dd70322596d175f
data/tnbc/provenance.json,3112,584409823f215768347299bfe91c60f3c39bf7eeaceed3c2646ec565114f2a7c
data/tnbc/tnbc.h5ad,112076059,e450a60ed28054a5dddd2a8ead072233a14b4668366b9346b0f0c1f21ace9d4a
environment_original.txt,336,c4e60094ac0e792753a54327d16adf65f71ebb69de857fc908ee73ad308c895e
experiments/kmm_three_domain_benchmark.py,21667,fc4f0e32e0f7c8c55ed9cbfd408ba1273bad4890484d162202cd660ca60a404c
experiments/verify_kmm_three_domain.py,2213,a9c3e951bba3f5558186dc8cecd1c5018591a8ae204a95be899f7dcd7357bf51
originals/kmm_three_domain_benchmark.py,21748,18cdcefe82f0b5729a40454d99702a2e3ed17ee66bc26c49ae2ad798f3e11727
README.md,7363,064a92565a9fe22d0ae8108d978f8e397ac9162a29421ec176077dfeab7793af
requirements.txt,129,08db699eb977187651634b8b5060daa790a755ca0c0a777cd79a60c4158713cd
results/kmm_three_domain/mean_summary.csv,1255,730a1a617f79ba34731b0e820ac046a2ec98118b3f883e09ecab9367fc325158
results/kmm_three_domain/mean_table.tex,1751,eb9102e3f9c7479da3fc314eb08e89cb918b833c820cffe8fac419a25e22ad1d
results/kmm_three_domain/NOAA_protocol.json,677,4cdbe3a1a30d9e9f3138f1f4f840c18694afc4178f56eb573ea78b2abbb98872
results/kmm_three_domain/NOAA_tasks.csv,416627,991edcc6019084983400bf99fe67faca5b5e5560a8ef5f438cacf3dde2481abe
results/kmm_three_domain/paper_tables.tex,5088,7bd69149417be56c34e10bfb233b9c397d638c1c2880697c5f75e6a1c1f9fe13
results/kmm_three_domain/PM25_protocol.json,378,fa3949804475e60b910b6c9bd56855ca76d23c0138bfab34c4d1ee237411aa62
results/kmm_three_domain/PM25_tasks.csv,133643,7433cca9dc54c96b20118a4ae64832e8c3f5759bd97011d4a71ce87f36a4d55a
results/kmm_three_domain/regime_summary.csv,3919,ce082cd1e45920fa4261d378da62e1ca5e97af4f76c4757155674be1d23f1cb5
results/kmm_three_domain/report.md,6636,224431fe50b5db60c9ab861feb60bc3f2528a8d05ce1d21d009689e78142d304
results/kmm_three_domain/risk_summary.csv,1275,47270ba262aca34a09aa292edb861ffb4fd80ca1ae2bb9881e491838312996bc
results/kmm_three_domain/risk_table.tex,1767,6e444729539efdaaf3347c3b0a9d3996ed375c7f92126ab9d7452ecff978ce19
results/kmm_three_domain/TNBC_protocol.json,877,bdb90dfc535f6064133498573f03465b82f88e2a5f6dd13b0a377451468b9f6c
results/kmm_three_domain/TNBC_tasks.csv,213815,14c52a304f501007d2ac2031aec839008a83445eee0c1d59033e44788da92c71
results/kmm_three_domain/weight_dependence_diagnostics.csv,4379,38a47c5c90755461a7740a2da56ae3751b3620f79aedc52004c9b3185dec357d
