dataset,regime,estimand,method,MAE,coverage,half_width,tasks
NOAA,medium,mean,KMM,0.03894974140992199,0.5531914893617021,0.035772873063907994,47
NOAA,medium,mean,KMM + dependence,0.03894974140992199,0.6170212765957447,0.04601179801634655,47
NOAA,medium,mean,Logistic IW,0.04044050031863632,0.23404255319148937,0.020144786867482504,47
NOAA,medium,mean,Unweighted,0.048034919406056184,0.14893617021276595,0.016336214433513574,47
NOAA,medium,risk,KMM,0.002139348068670132,0.5957446808510638,0.001681362887008732,47
NOAA,medium,risk,KMM + dependence,0.002139348068670132,0.5957446808510638,0.0017943784776098723,47
NOAA,medium,risk,Logistic IW,0.0020698341081922,0.425531914893617,0.0009150221635810978,47
NOAA,medium,risk,Unweighted,0.0021074594039194516,0.3617021276595745,0.0007773492276471298,47
NOAA,mild,mean,KMM,0.023327950311159383,0.7446808510638298,0.033446078654820334,47
NOAA,mild,mean,KMM + dependence,0.023327950311159383,0.8297872340425532,0.04467740196567298,47
NOAA,mild,mean,Logistic IW,0.023449978747994194,0.44680851063829785,0.018542868565400956,47
NOAA,mild,mean,Unweighted,0.023172421290974365,0.3617021276595745,0.014692155494530262,47
NOAA,mild,risk,KMM,0.0016679070689151567,0.5531914893617021,0.0015761729710798789,47
NOAA,mild,risk,KMM + dependence,0.0016679070689151567,0.574468085106383,0.0016749512147252595,47
NOAA,mild,risk,Logistic IW,0.0015014273885707937,0.48936170212765956,0.000882805809337317,47
NOAA,mild,risk,Unweighted,0.0017177154952722916,0.3617021276595745,0.0007403908918946339,47
NOAA,severe,mean,KMM,0.051419802183857395,0.3404255319148936,0.03636942686069779,47
NOAA,severe,mean,KMM + dependence,0.051419802183857395,0.574468085106383,0.046640502075817006,47
NOAA,severe,mean,Logistic IW,0.05270810246905155,0.14893617021276595,0.024064058773819202,47
NOAA,severe,mean,Unweighted,0.07974843121015186,0.0851063829787234,0.016004815665770385,47
NOAA,severe,risk,KMM,0.002576978543584269,0.574468085106383,0.002187340475047049,47
NOAA,severe,risk,KMM + dependence,0.002576978543584269,0.574468085106383,0.002285661393536149,47
NOAA,severe,risk,Logistic IW,0.0025817554333835216,0.3829787234042553,0.0013486307173873296,47
NOAA,severe,risk,Unweighted,0.002432086125471569,0.2765957446808511,0.0008641045420624703,47
PM25,temporal_2015_2016,mean,KMM,0.015462681950518677,0.9791666666666666,0.05401890290944194,48
PM25,temporal_2015_2016,mean,KMM + dependence,0.015462681950518677,0.9791666666666666,0.05849228373949202,48
PM25,temporal_2015_2016,mean,Logistic IW,0.026964412684143447,0.7708333333333334,0.03741553077877954,48
PM25,temporal_2015_2016,mean,Unweighted,0.020847566281428767,0.6875,0.02559720920986742,48
PM25,temporal_2015_2016,risk,KMM,0.0024374823342960044,0.9375,0.004851952329291096,48
PM25,temporal_2015_2016,risk,KMM + dependence,0.0024374823342960044,0.9583333333333334,0.004964258498676831,48
PM25,temporal_2015_2016,risk,Logistic IW,0.002049811126818128,0.8541666666666666,0.0036795924588419707,48
PM25,temporal_2015_2016,risk,Unweighted,0.002139668395130879,0.5833333333333334,0.0026257149951707625,48
TNBC,patient_transfer,mean,KMM,0.038686677763147645,0.5128205128205128,0.03365783409204566,78
TNBC,patient_transfer,mean,KMM + dependence,0.038686677763147645,0.5256410256410257,0.035921122662189775,78
TNBC,patient_transfer,mean,Logistic IW,0.04054852138312554,0.4358974358974359,0.029147760420348254,78
TNBC,patient_transfer,mean,Unweighted,0.03958166829413433,0.28205128205128205,0.01399945128969576,78
TNBC,patient_transfer,risk,KMM,0.021114834176441027,0.5384615384615384,0.01975522025970997,78
TNBC,patient_transfer,risk,KMM + dependence,0.021114834176441027,0.5512820512820513,0.021338637901351345,78
TNBC,patient_transfer,risk,Logistic IW,0.022774241493966927,0.38461538461538464,0.01898897621454542,78
TNBC,patient_transfer,risk,Unweighted,0.021290288712116214,0.24358974358974358,0.008380522428860723,78
