dataset,estimand,method,mmd2_before,mmd2_after,nominal_ess,adjusted_ess,max_weight,sum_squared_weights,zero_weight_fraction,upper_bound_fraction,dependence_variance_ratio
NOAA,mean,KMM,0.06112414130137776,0.0057639532475352575,14.259430487488167,14.259430487488167,9.69989903649995,617.7703996730996,0.738580472629088,0.03731609981537,1.6782818032230813
NOAA,mean,KMM + dependence,0.06112414130137776,0.0057639532475352575,14.259430487488167,8.757640710699269,9.69989903649995,617.7703996730996,0.738580472629088,0.03731609981537,1.6782818032230813
NOAA,mean,Logistic IW,0.06112414130137776,0.0202493891132291,50.28263035895879,50.28263035895879,5.255006931775133,161.25953193555566,0.0,0.002822991728315933,4.259795918122957
NOAA,mean,Unweighted,0.06112414130137776,0.06112414130137776,90.0709219858156,90.0709219858156,1.0,90.0709219858156,0.0,0.0,6.466924434661533
NOAA,risk,KMM,0.06112414130137776,0.0057639532475352575,14.259430487488167,14.259430487488167,9.69989903649995,617.7703996730996,0.738580472629088,0.03731609981537,1.0123259718624864
NOAA,risk,KMM + dependence,0.06112414130137776,0.0057639532475352575,14.259430487488167,12.87514102072908,9.69989903649995,617.7703996730996,0.738580472629088,0.03731609981537,1.0123259718624864
NOAA,risk,Logistic IW,0.06112414130137776,0.0202493891132291,50.28263035895879,50.28263035895879,5.255006931775133,161.25953193555566,0.0,0.002822991728315933,1.291696451804056
NOAA,risk,Unweighted,0.06112414130137776,0.06112414130137776,90.0709219858156,90.0709219858156,1.0,90.0709219858156,0.0,0.0,1.6035067518878474
PM25,mean,KMM,0.025408170812383123,0.00402008334691534,18.060310604770244,18.060310604770244,9.518908780209228,475.6082614798234,0.6522463585500744,0.012328683796075083,1.1321865666820308
PM25,mean,KMM + dependence,0.025408170812383123,0.00402008334691534,18.060310604770244,15.46392580564057,9.518908780209228,475.6082614798234,0.6522463585500744,0.012328683796075083,1.1321865666820308
PM25,mean,Logistic IW,0.025408170812383123,0.017663958385078653,44.465130524215915,44.465130524215915,5.353875868783973,145.07981748188936,0.0,0.001602729999469127,1.8394819875570576
PM25,mean,Unweighted,0.025408170812383123,0.025408170812383123,91.10416666666667,91.10416666666667,1.0,91.10416666666667,0.0,0.0,2.2117269422215577
PM25,risk,KMM,0.025408170812383123,0.00402008334691534,18.060310604770244,18.060310604770244,9.518908780209228,475.6082614798234,0.6522463585500744,0.012328683796075083,0.8987569610142453
PM25,risk,KMM + dependence,0.025408170812383123,0.00402008334691534,18.060310604770244,17.200179488394408,9.518908780209228,475.6082614798234,0.6522463585500744,0.012328683796075083,0.8987569610142453
PM25,risk,Logistic IW,0.025408170812383123,0.017663958385078653,44.465130524215915,44.465130524215915,5.353875868783973,145.07981748188936,0.0,0.001602729999469127,1.2084282827349184
PM25,risk,Unweighted,0.025408170812383123,0.025408170812383123,91.10416666666667,91.10416666666667,1.0,91.10416666666667,0.0,0.0,1.4953612853012432
TNBC,mean,KMM,0.21766922124213559,0.09980014518011412,29.34119960769368,29.34119960769368,9.999999999999922,2238.7825403141524,0.8530649038461539,0.06931089743589744,0.6467348883389489
TNBC,mean,KMM + dependence,0.21766922124213559,0.09980014518011412,29.34119960769368,20.831504961136222,9.999999999999922,2238.7825403141524,0.8530649038461539,0.06931089743589744,0.6467348883389489
TNBC,mean,Logistic IW,0.21766922124213559,0.13162927758657114,22.301395672129285,22.301395672129285,1.9181907204251587,19.586953236875246,0.0,0.000250400641025641,1.008719010524941
TNBC,mean,Unweighted,0.21766922124213559,0.21766922124213559,256.0,256.0,1.0,256.0,0.0,0.0,1.5183391168129536
TNBC,risk,KMM,0.21766922124213559,0.09980014518011412,29.34119960769368,29.34119960769368,9.999999999999922,2238.7825403141524,0.8530649038461539,0.06931089743589744,1.0491847625027977
TNBC,risk,KMM + dependence,0.21766922124213559,0.09980014518011412,29.34119960769368,25.8006559623454,9.999999999999922,2238.7825403141524,0.8530649038461539,0.06931089743589744,1.0491847625027977
TNBC,risk,Logistic IW,0.21766922124213559,0.13162927758657114,22.301395672129285,22.301395672129285,1.9181907204251587,19.586953236875246,0.0,0.000250400641025641,1.1687601359346154
TNBC,risk,Unweighted,0.21766922124213559,0.21766922124213559,256.0,256.0,1.0,256.0,0.0,0.0,1.8324550889885143
