dataset,method,MAE,Coverage,Half_width,ESS,Tasks,Domains
NOAA,Unweighted,0.05031859063572747,0.19858156028368795,0.015677728531271407,90.0709219858156,141,12
NOAA,Logistic IW,0.038866193845227354,0.2765957446808511,0.020917238068900886,50.28263035895879,141,12
NOAA,KMM,0.03789916463497959,0.5460992907801419,0.03519612619314204,14.259430487488167,141,12
NOAA,KMM + dependence,0.03789916463497959,0.6737588652482269,0.04577656735261218,8.757640710699269,141,12
PM25,Unweighted,0.020847566281428767,0.6875,0.02559720920986742,91.10416666666667,48,12
PM25,Logistic IW,0.026964412684143447,0.7708333333333334,0.03741553077877954,44.465130524215915,48,12
PM25,KMM,0.015462681950518677,0.9791666666666666,0.05401890290944194,18.060310604770244,48,12
PM25,KMM + dependence,0.015462681950518677,0.9791666666666666,0.05849228373949202,15.46392580564057,48,12
TNBC,Unweighted,0.03958166829413433,0.28205128205128205,0.01399945128969576,256.0,78,26
TNBC,Logistic IW,0.04054852138312554,0.4358974358974359,0.029147760420348254,22.301395672129285,78,26
TNBC,KMM,0.038686677763147645,0.5128205128205128,0.03365783409204566,29.34119960769368,78,26
TNBC,KMM + dependence,0.038686677763147645,0.5256410256410257,0.035921122662189775,20.831504961136222,78,26
